,n,mean,median,p10,p90
all,1374.0,31.449477452692868,25.121465,4.857565999999999,66.42371400000002
top50,50.0,105.961674,105.203655,49.628185,157.595536
