,Age class,INSEE,EQASIM,Proportion_INSEE,Proportion_EQASIM
0,0-10,57546.74447307234,57945.454545454544,0.08614581043518527,0.08714436104616984
1,11-14,29267.879732362304,29672.727272727272,0.043813168622313124,0.0446249128419671
2,15-17,22567.90978430502,22272.727272727272,0.033783507581507305,0.03349602832806967
3,18-24,44506.42755524216,43418.181818181816,0.066624833540588,0.0652967474672901
4,25-49,171468.54805420636,171427.27272727274,0.2566834522357038,0.2578100433397591
5,50-64,137678.53014565687,136800.0,0.20610077368446983,0.20573397317583364
6,65+,204979.5512904217,203400.0,0.30684845390023263,0.30589393380091057
