age_class,Home<>Education,Home<>Leisure,Home<>Other,Home<>Shop,Home<>Work,Secondary trip (non link to home)
0-10,4672.727272727273,45709.09090909091,38800.0,29681.81818181818,51345.454545454544,40545.454545454544
11-14,2490.909090909091,21772.727272727272,20372.727272727272,14518.181818181818,26145.454545454544,21690.909090909092
15-17,1900.0,16981.81818181818,14327.272727272728,11536.363636363636,19736.363636363636,15418.181818181818
18-24,3790.909090909091,33472.72727272727,29245.454545454544,22509.090909090908,37836.36363636364,30163.636363636364
25-49,14227.272727272728,131836.36363636365,113663.63636363637,84418.18181818182,152445.45454545456,118436.36363636363
50-64,7700.0,121036.36363636363,85136.36363636363,85636.36363636363,94427.27272727272,86727.27272727272
65+,9690.90909090909,191172.72727272726,120800.0,143781.81818181818,117018.18181818182,125481.81818181818
